"Symbol","Description","Category2","Category3","GICS Sector","Market cap","Dividend yield","Price to TTM earnings","Price to TTM sales","Price to book value","Action"
"AAPL","Apple Inc","Common stocks","Large cap","Information Technology","$2,223,034,610,350","0.65%","0.00","0.00","0.00","Analyze"
"MSFT","Microsoft Corp","Common stocks","Large cap","Information Technology","$1,893,242,447,794","0.71%","0.00","0.00","0.00","Analyze"
"GOOG","Alphabet Inc Class C","Common stocks","Large cap","Communication Services","$1,495,443,017,329","0.00%","0.00","0.00","0.00","Analyze"
"GOOGL","Alphabet Inc Class A","Common stocks","Large cap","Communication Services","$1,495,443,017,329","0.00%","0.00","0.00","0.00","Analyze"
"AMZN","Amazon.Com Inc.","Common stocks","Large cap","Consumer Discretionary","$1,091,907,466,009","0.00%","0.00","0.00","0.00","Analyze"
"TSLA","Tesla Inc","Common stocks","Large cap","Consumer Discretionary","$734,966,160,994","0.00%","0.00","0.00","0.00","Analyze"
"BRK.B","Berkshire Hathaway Inc. Class B","Common stocks","Large cap","Financials","$670,930,690,682","0.00%","0.00","0.00","0.00","Analyze"
"FB","Facebook Inc Class A","Common stocks","Large cap","Communication Services","$545,941,684,485","0.00%","0.00","0.00","0.00","Analyze"
"NVDA","Nvidia Corp","Common stocks","Large cap","Information Technology","$498,780,255,245","0.09%","0.00","0.00","0.00","Analyze"
"JNJ","Johnson & Johnson","Common stocks","Large cap","Health Care","$457,706,029,788","2.41%","0.00","0.00","0.00","Analyze"
"UNH","Unitedhealth Group Inc","Common stocks","Large cap","Health Care","$448,962,020,616","1.21%","0.00","0.00","0.00","Analyze"
"V","Visa Inc Class A","Common stocks","Large cap","Information Technology","$435,003,480,000","0.73%","0.00","0.00","0.00","Analyze"
"XOM","Exxon Mobil Corp","Common stocks","Large cap","Energy","$383,931,190,529","3.79%","15.00","1.25","2.29","Analyze"
"JPM","JP Morgan Chase & Co","Common stocks","Large cap","Financials","$347,482,440,632","3.26%","0.00","0.00","0.00","Analyze"
"PG","Procter & Gamble","Common stocks","Large cap","Consumer Staples","$339,980,362,370","2.47%","0.00","0.00","0.00","Analyze"
"CVX","Chevron Corp","Common stocks","Large cap","Energy","$327,848,773,268","2.41%","0.00","0.00","0.00","Analyze"
"WMT","Walmart Stores Inc","Common stocks","Large cap","Consumer Staples","$327,773,737,856","1.85%","0.00","0.00","0.00","Analyze"
"MA","Mastercard Inc Class A","Common stocks","Large cap","Information Technology","$320,566,001,133","0.56%","0.00","0.00","0.00","Analyze"
"HD","Home Depot Inc","Common stocks","Large cap","Consumer Discretionary","$297,361,310,379","2.36%","0.00","0.00","0.00","Analyze"
"PFE","Pfizer Inc","Common stocks","Large cap","Health Care","$284,191,872,321","3.08%","0.00","0.00","0.00","Analyze"
"BAC","Bank of America Corp","Common stocks","Large cap","Financials","$277,559,562,955","2.33%","0.00","0.00","0.00","Analyze"
"LLY","Eli Lilly","Common stocks","Large cap","Health Care","$272,002,176,955","1.27%","0.00","0.00","0.00","Analyze"
"ABBV","Abbvie Inc","Common stocks","Large cap","Health Care","$268,105,941,793","3.52%","0.00","0.00","0.00","Analyze"
"KO","Coca-Cola","Common stocks","Large cap","Consumer Staples","$260,101,723,620","2.80%","0.00","0.00","0.00","Analyze"
"MRK","Merck & Co Inc","Common stocks","Large cap","Health Care","$232,877,654,752","2.87%","0.00","0.00","0.00","Analyze"
"AVGO","Broadcom Inc.","Common stocks","Large cap","Information Technology","$223,007,257,866","3.44%","0.00","0.00","0.00","Analyze"
"PEP","Pepsico Inc","Common stocks","Large cap","Consumer Staples","$222,888,589,711","2.64%","0.00","0.00","0.00","Analyze"
"TMO","Thermo Fisher Scientific Inc","Common stocks","Large cap","Health Care","$215,593,781,880","0.20%","0.00","0.00","0.00","Analyze"
"VZ","Verizon Communications Inc","Common stocks","Large cap","Communication Services","$206,202,505,719","6.37%","9.72","1.54","2.48","Analyze"
"ABT","Abbott Laboratories","Common stocks","Large cap","Health Care","$196,875,950,975","1.63%","0.00","0.00","0.00","Analyze"
"CMCSA","Comcast A Corp","Common stocks","Large cap","Communication Services","$187,853,367,031","2.41%","0.00","0.00","0.00","Analyze"
"DIS","Walt Disney","Common stocks","Large cap","Communication Services","$187,780,129,701","0.00%","0.00","0.00","0.00","Analyze"
"COST","Costco Wholesale Corp","Common stocks","Large cap","Consumer Staples","$187,452,848,970","0.77%","0.00","0.00","0.00","Analyze"
"ADBE","Adobe Inc","Common stocks","Large cap","Information Technology","$186,344,550,000","0.00%","0.00","0.00","0.00","Analyze"
"DHR","Danaher Corp","Common stocks","Large cap","Health Care","$181,267,508,531","0.35%","0.00","0.00","0.00","Analyze"
"ACN","Accenture Plc Class A","Common stocks","Large cap","Information Technology","$181,248,652,927","1.38%","0.00","0.00","0.00","Analyze"
"ORCL","Oracle Corp","Common stocks","Large cap","Information Technology","$178,873,245,280","1.90%","0.00","0.00","0.00","Analyze"
"CSCO","Cisco Systems Inc","Common stocks","Large cap","Information Technology","$173,311,888,960","3.54%","0.00","0.00","0.00","Analyze"
"INTC","Intel Corporation Corp","Common stocks","Large cap","Information Technology","$171,778,890,000","3.35%","0.00","0.00","0.00","Analyze"
"MCD","Mcdonalds Corp","Common stocks","Large cap","Consumer Discretionary","$169,356,246,970","2.31%","0.00","0.00","0.00","Analyze"
"NKE","Nike Inc Class B","Common stocks","Large cap","Consumer Discretionary","$167,092,706,903","1.09%","0.00","0.00","0.00","Analyze"
"BMY","Bristol Myers Squibb","Common stocks","Large cap","Health Care","$161,723,722,025","2.68%","0.00","0.00","0.00","Analyze"
"WFC","Wells Fargo","Common stocks","Large cap","Financials","$159,194,794,206","2.13%","0.00","0.00","0.00","Analyze"
"TMUS","T Mobile US Inc","Common stocks","Large cap","Communication Services","$157,260,619,410","0.00%","0.00","0.00","0.00","Analyze"
"AMD","Advanced Micro Devices Inc","Common stocks","Large cap","Information Technology","$156,654,499,080","0.00%","0.00","0.00","0.00","Analyze"
"LIN","Linde Plc","Common stocks","Large cap","Materials","$156,196,566,154","1.39%","0.00","0.00","0.00","Analyze"
"PM","Philip Morris International Inc","Common stocks","Large cap","Consumer Staples","$155,786,086,758","4.83%","0.00","0.00","0.00","Analyze"
"TXN","Texas Instrument Inc","Common stocks","Large cap","Information Technology","$154,568,075,099","2.64%","0.00","0.00","0.00","Analyze"
"CRM","Salesforce.Com Inc","Common stocks","Large cap","Information Technology","$154,100,793,222","0.00%","0.00","0.00","0.00","Analyze"
"QCOM","Qualcomm Inc","Common stocks","Large cap","Information Technology","$146,901,895,764","2.07%","0.00","0.00","0.00","Analyze"
"UPS","United Parcel Service Inc Class B","Common stocks","Large cap","Industrials","$144,691,916,000","3.60%","0.00","0.00","0.00","Analyze"
"T","AT&T Inc.","Common stocks","Large cap","Communication Services","$144,683,390,000","8.83%","0.00","0.00","0.00","Analyze"
"UAL","United Continental Holdings Inc","Common stocks","Large cap","Industrials","$144,446,829,448","0.00%","0.00","0.00","0.00","Analyze"
"MS","Morgan Stanley","Common stocks","Large cap","Financials","$139,872,753,358","3.46%","0.00","0.00","0.00","Analyze"
"NEE","Nextera Energy Inc","Common stocks","Large cap","Utilities","$138,036,068,818","2.23%","0.00","0.00","0.00","Analyze"
"MDT","Medtronic Plc","Common stocks","Large cap","Health Care","$137,843,150,540","2.43%","0.00","0.00","0.00","Analyze"
"RTX","Raytheon Technologies Corporation","Common stocks","Large cap","Industrials","$137,730,990,967","1.64%","0.00","0.00","0.00","Analyze"
"UNP","Union Pacific Corp","Common stocks","Large cap","Industrials","$135,967,446,274","2.06%","0.00","0.00","0.00","Analyze"
"COP","ConocoPhillips","Common stocks","Large cap","Energy","$135,307,757,112","2.19%","0.00","0.00","0.00","Analyze"
"HON","Honeywell International Inc","Common stocks","Large cap","Industrials","$131,143,198,965","1.99%","0.00","0.00","0.00","Analyze"
"AMGN","Amgen Inc","Common stocks","Large cap","Health Care","$130,756,117,600","2.99%","0.00","0.00","0.00","Analyze"
"LOW","Lowes Companies Inc","Common stocks","Large cap","Consumer Discretionary","$124,198,189,933","1.70%","0.00","0.00","0.00","Analyze"
"CVS","CVS Health Corp","Common stocks","Large cap","Health Care","$122,135,327,152","2.24%","0.00","0.00","0.00","Analyze"
"SCHW","Charles Schwab Corporation","Common stocks","Large cap","Financials","$117,743,148,790","1.21%","0.00","0.00","0.00","Analyze"
"IBM","International Business Machines Co","Common stocks","Large cap","Information Technology","$116,620,784,240","4.98%","0.00","0.00","0.00","Analyze"
"AXP","American Express","Common stocks","Large cap","Financials","$115,971,282,812","1.17%","0.00","0.00","0.00","Analyze"
"ANTM","Anthem Inc","Common stocks","Large cap","Health Care","$115,701,407,618","0.97%","0.00","0.00","0.00","Analyze"
"LMT","Lockheed Martin Corp","Common stocks","Large cap","Industrials","$113,260,450,274","2.51%","0.00","0.00","0.00","Analyze"
"SPGI","S&P Global Inc","Common stocks","Large cap","Financials","$112,870,593,000","0.92%","0.00","0.00","0.00","Analyze"
"DE","Deere & Company","Common stocks","Large cap","Industrials","$111,859,701,311","1.11%","0.00","0.00","0.00","Analyze"
"CAT","Caterpillar Inc","Common stocks","Large cap","Industrials","$110,276,108,666","2.13%","0.00","0.00","0.00","Analyze"
"AMT","American Tower Corporation","REITs","Large cap","Real Estate","$106,427,915,984","2.29%","0.00","0.00","0.00","Analyze"
"GS","Goldman Sachs Group Inc","Common stocks","Large cap","Financials","$105,850,298,829","2.33%","0.00","0.00","0.00","Analyze"
"INTU","Intuit Inc","Common stocks","Large cap","Information Technology","$99,294,721,951","0.72%","0.00","0.00","0.00","Analyze"
"C","Citigroup Inc","Common stocks","Large cap","Financials","$98,608,933,835","4.04%","0.00","0.00","0.00","Analyze"
"AMAT","Applied Material Inc","Common stocks","Large cap","Information Technology","$97,827,122,323","1.08%","0.00","0.00","0.00","Analyze"
"PYPL","Paypal Holdings Inc","Common stocks","Large cap","Information Technology","$94,125,485,429","0.00%","0.00","0.00","0.00","Analyze"
"MO","Altria Group Inc","Common stocks","Large cap","Consumer Staples","$92,501,370,975","6.79%","0.00","0.00","0.00","Analyze"
"BLK","Blackrock Inc","Common stocks","Large cap","Financials","$89,853,550,475","2.89%","0.00","0.00","0.00","Analyze"
"PLD","Prologis, Inc","REITs","Large cap","Real Estate","$88,624,765,240","2.22%","0.00","0.00","0.00","Analyze"
"SYK","Stryker Corp","Common stocks","Large cap","Health Care","$87,164,515,440","1.15%","0.00","0.00","0.00","Analyze"
"ADP","Automatic Data Processing Inc","Common stocks","Large cap","Information Technology","$86,410,998,391","1.89%","0.00","0.00","0.00","Analyze"
"CB","Chubb Ltd","Common stocks","Large cap","Financials","$86,386,273,912","1.56%","0.00","0.00","0.00","Analyze"
"NOW","Servicenow Inc","Common stocks","Large cap","Information Technology","$85,548,259,242","0.00%","0.00","0.00","0.00","Analyze"
"BKNG","Booking Holdings Inc","Common stocks","Large cap","Consumer Discretionary","$85,446,956,670","0.00%","0.00","0.00","0.00","Analyze"
"EL","Estee Lauder Inc Class A","Common stocks","Large cap","Consumer Staples","$85,115,057,543","0.96%","0.00","0.00","0.00","Analyze"
"MMM","3M","Common stocks","Large cap","Industrials","$84,749,934,382","2.96%","0.00","0.00","0.00","Analyze"
"MDLZ","Mondelez International Inc","Common stocks","Large cap","Consumer Staples","$84,571,573,152","2.22%","0.00","0.00","0.00","Analyze"
"DUK","Duke Energy Corp","Common stocks","Large cap","Utilities","$83,880,657,514","3.57%","0.00","0.00","0.00","Analyze"
"ADI","Analog Devices Inc","Common stocks","Large cap","Information Technology","$83,657,582,146","1.75%","0.00","0.00","0.00","Analyze"
"GE","General Electric","Common stocks","Large cap","Industrials","$83,364,365,434","0.42%","0.00","0.00","0.00","Analyze"
"SBUX","Starbucks Corp","Common stocks","Large cap","Consumer Discretionary","$82,496,517,000","2.65%","0.00","0.00","0.00","Analyze"
"CI","Cigna Corp","Common stocks","Large cap","Health Care","$81,501,204,350","1.59%","0.00","0.00","0.00","Analyze"
"NFLX","Netflix Inc","Common stocks","Large cap","Communication Services","$81,060,548,068","0.00%","0.00","0.00","0.00","Analyze"
"CHTR","Charter Communications Inc Class A","Common stocks","Large cap","Communication Services","$79,660,504,414","0.00%","0.00","0.00","0.00","Analyze"
"GILD","Gilead Sciences Inc","Common stocks","Large cap","Health Care","$79,360,411,855","4.44%","0.00","0.00","0.00","Analyze"
"ISRG","Intuitive Surgical Inc","Common stocks","Large cap","Health Care","$78,302,773,310","0.00%","0.00","0.00","0.00","Analyze"
"SO","Southern Co","Common stocks","Large cap","Utilities","$77,914,934,418","3.58%","0.00","0.00","0.00","Analyze"
"MU","Micron Technology Inc","Common stocks","Large cap","Information Technology","$77,496,679,876","0.43%","0.00","0.00","0.00","Analyze"
"CCI","Crown Castle International Corp.","REITs","Large cap","Real Estate","$77,244,190,900","3.10%","0.00","0.00","0.00","Analyze"
"MMC","Marsh & McLennan Inc","Common stocks","Large cap","Financials","$76,225,637,264","1.40%","0.00","0.00","0.00","Analyze"
"BA","Boeing","Common stocks","Large cap","Industrials","$75,220,579,808","0.00%","0.00","0.00","0.00","Analyze"
"ZTS","Zoetis Inc","Common stocks","Large cap","Health Care","$74,655,823,543","0.72%","36.91","9.46","16.42","Analyze"
"USB","US Bancorp","Common stocks","Large cap","Financials","$73,157,844,592","3.61%","0.00","0.00","0.00","Analyze"
"TJX","TJX Companies, Inc.","Common stocks","Large cap","Consumer Discretionary","$72,121,997,037","1.74%","0.00","0.00","0.00","Analyze"
"BDX","Becton Dickinson","Common stocks","Large cap","Health Care","$71,591,130,927","1.31%","0.00","0.00","0.00","Analyze"
"EOG","EOG Resources Inc","Common stocks","Large cap","Energy","$71,281,329,664","1.87%","0.00","0.00","0.00","Analyze"
"TGT","Target Corp","Common stocks","Large cap","Consumer Discretionary","$71,141,529,131","2.33%","0.00","0.00","0.00","Analyze"
"REGN","Regeneron Pharmaceuticals Inc","Common stocks","Large cap","Health Care","$70,990,631,743","0.00%","0.00","0.00","0.00","Analyze"
"NOC","Northrop Grumman Corp","Common stocks","Large cap","Industrials","$69,716,904,446","1.39%","0.00","0.00","0.00","Analyze"
"CME","CME Group Inc Class A","Common stocks","Large cap","Financials","$68,343,359,321","1.93%","0.00","0.00","0.00","Analyze"
"SHW","Sherwin Williams","Common stocks","Large cap","Materials","$67,545,694,916","0.65%","0.00","0.00","0.00","Analyze"
"CSX","CSX Corp","Common stocks","Large cap","Industrials","$67,271,602,915","1.22%","0.00","0.00","0.00","Analyze"
"D","Dominion Energy Inc","Common stocks","Large cap","Utilities","$66,694,535,802","3.07%","0.00","0.00","0.00","Analyze"
"LRCX","Lam Research Corp","Common stocks","Large cap","Information Technology","$65,491,525,698","1.22%","0.00","0.00","0.00","Analyze"
"VRTX","Vertex Pharmaceuticals Inc","Common stocks","Large cap","Health Care","$65,332,860,237","0.00%","26.98","8.22","6.06","Analyze"
"PGR","Progressive Corp","Common stocks","Large cap","Financials","$64,582,172,667","1.72%","0.00","0.00","0.00","Analyze"
"PXD","Pioneer Natural Resource","Common stocks","Large cap","Energy","$64,220,753,799","1.18%","0.00","0.00","0.00","Analyze"
"PNC","PNC Financial Services Group, Inc.","Common stocks","Large cap","Financials","$64,001,622,455","3.36%","0.00","0.00","0.00","Analyze"
"WM","Waste Management Inc","Common stocks","Large cap","Industrials","$63,431,177,209","1.55%","0.00","0.00","0.00","Analyze"
"CL","Colgate-Palmolive","Common stocks","Large cap","Consumer Staples","$62,946,193,274","2.40%","0.00","0.00","0.00","Analyze"
"ITW","Illinois Tool Inc","Common stocks","Large cap","Industrials","$62,537,747,974","2.37%","0.00","0.00","0.00","Analyze"
"FISV","Fiserv Inc","Common stocks","Large cap","Information Technology","$61,544,952,464","0.00%","0.00","0.00","0.00","Analyze"
"TFC","Truist Financial Corporation","Common stocks","Large cap","Financials","$61,404,808,884","4.11%","0.00","0.00","0.00","Analyze"
"ATVI","Activision Blizzard Inc","Common stocks","Large cap","Communication Services","$60,783,465,633","0.60%","0.00","0.00","0.00","Analyze"
"GD","General Dynamics Corp","Common stocks","Large cap","Industrials","$60,478,619,945","2.20%","0.00","0.00","0.00","Analyze"
"HCA","HCA Healthcare, Inc.","Common stocks","Large cap","Health Care","$60,021,746,172","0.98%","0.00","0.00","0.00","Analyze"
"OXY","Occidental Petroleum Corp","Common stocks","Large cap","Energy","$59,942,735,209","0.25%","0.00","0.00","0.00","Analyze"
"FIS","Fidelity National Information Services","Common stocks","Large cap","Information Technology","$59,348,641,002","1.68%","0.00","0.00","0.00","Analyze"
"EW","Edwards Lifesciences Corp","Common stocks","Large cap","Health Care","$58,674,711,326","0.00%","0.00","0.00","0.00","Analyze"
"NSC","Norfolk Southern Corp","Common stocks","Large cap","Industrials","$57,916,197,726","2.03%","0.00","0.00","0.00","Analyze"
"EQIX","Equinix, Inc.","REITs","Large cap","Real Estate","$57,801,969,484","1.87%","0.00","0.00","0.00","Analyze"
"SLB","Schlumberger Nv","Common stocks","Large cap","Energy","$57,739,869,799","1.22%","0.00","0.00","0.00","Analyze"
"MRNA","Moderna, Inc.","Common stocks","Large cap","Health Care","$57,030,759,547","0.00%","0.00","0.00","0.00","Analyze"
"AON","Aon Plc","Common stocks","Large cap","Financials","$56,634,291,307","0.78%","0.00","0.00","0.00","Analyze"
"BSX","Boston Scientific Corp","Common stocks","Large cap","Health Care","$56,453,766,649","0.00%","0.00","0.00","0.00","Analyze"
"HUM","Humana Inc","Common stocks","Large cap","Health Care","$54,645,149,664","0.67%","0.00","0.00","0.00","Analyze"
"PSA","Public Storage","REITs","Large cap","Real Estate","$54,373,599,124","2.56%","0.00","0.00","0.00","Analyze"
"ETN","Eaton Corporation, PLC","Common stocks","Large cap","Industrials","$54,295,920,000","2.29%","0.00","0.00","0.00","Analyze"
"ICE","Intercontinental Exchange Inc","Common stocks","Large cap","Financials","$53,537,738,074","1.42%","0.00","0.00","0.00","Analyze"
"FCX","Freeport-McMoRan, Inc.","Common stocks","Large cap","Materials","$53,216,914,667","0.81%","0.00","0.00","0.00","Analyze"
"GM","General Motors","Common stocks","Large cap","Consumer Discretionary","$52,671,662,283","0.00%","0.00","0.00","0.00","Analyze"
"NEM","Newmont Corporation","Common stocks","Large cap","Materials","$52,468,276,799","3.29%","0.00","0.00","0.00","Analyze"
"APD","Air Products And Chemicals Inc","Common stocks","Large cap","Materials","$51,943,748,650","2.59%","0.00","0.00","0.00","Analyze"
"MPC","Marathon Petroleum Corp","Common stocks","Large cap","Energy","$51,805,674,880","2.40%","0.00","0.00","0.00","Analyze"
"MCO","Moodys Corp","Common stocks","Large cap","Financials","$51,770,700,000","0.69%","0.00","0.00","0.00","Analyze"
"FDX","FedEx Corporation","Common stocks","Large cap","Industrials","$51,589,426,482","1.50%","0.00","0.00","0.00","Analyze"
"MAR","Marriott International Inc","Common stocks","Large cap","Consumer Discretionary","$51,366,208,699","0.19%","0.00","0.00","0.00","Analyze"
"SRE","Sempra Energy","Common stocks","Large cap","Utilities","$50,882,792,740","3.38%","0.00","0.00","0.00","Analyze"
"AEP","American Electric Power Inc","Common stocks","Large cap","Utilities","$50,861,415,191","3.07%","0.00","0.00","0.00","Analyze"
"F","Ford Motor Company","Common stocks","Large cap","Consumer Discretionary","$50,743,535,635","2.32%","0.00","0.00","0.00","Analyze"
"MET","Metlife Inc","Common stocks","Large cap","Financials","$50,735,917,723","3.08%","0.00","0.00","0.00","Analyze"
"VLO","Valero Energy Corp","Common stocks","Large cap","Energy","$50,710,060,652","3.11%","19.78","0.39","2.67","Analyze"
"KLAC","KLA-Tencor Corporation","Common stocks","Large cap","Information Technology","$50,519,048,787","1.24%","0.00","0.00","0.00","Analyze"
"DOW","Dow Inc.","Common stocks","Large cap","Materials","$50,064,282,656","4.00%","0.00","0.00","0.00","Analyze"
"EMR","Emerson Electric","Common stocks","Large cap","Industrials","$49,480,200,000","2.44%","0.00","0.00","0.00","Analyze"
"CNC","Centene Corp","Common stocks","Large cap","Health Care","$48,335,060,606","0.00%","0.00","0.00","0.00","Analyze"
"KHC","Kraft Heinz","Common stocks","Large cap","Consumer Staples","$47,195,586,768","4.08%","0.00","0.00","0.00","Analyze"
"ADM","Archer-Daniels-Midland Company","Common stocks","Large cap","Consumer Staples","$47,188,674,934","1.82%","0.00","0.00","0.00","Analyze"
"EXC","Exelon Corp","Common stocks","Large cap","Utilities","$46,409,485,435","2.55%","0.00","0.00","0.00","Analyze"
"MCK","Mckesson Corp","Common stocks","Large cap","Health Care","$46,390,435,848","0.57%","0.00","0.00","0.00","Analyze"
"NXPI","NXP Semiconductors Nv","Common stocks","Large cap","Information Technology","$46,156,264,434","1.43%","0.00","0.00","0.00","Analyze"
"DG","Dollar General Corp","Common stocks","Large cap","Consumer Discretionary","$46,061,257,273","0.90%","0.00","0.00","0.00","Analyze"
"SNPS","Synopsys Inc","Common stocks","Large cap","Information Technology","$46,009,226,433","0.00%","0.00","0.00","0.00","Analyze"
"MNST","Monster Beverage Corp","Common stocks","Large cap","Consumer Staples","$45,954,291,271","0.00%","0.00","0.00","0.00","Analyze"
"DVN","Devon Energy Corp","Common stocks","Large cap","Energy","$45,876,600,000","2.93%","0.00","0.00","0.00","Analyze"
"AIG","American International Group Inc","Common stocks","Large cap","Financials","$45,867,915,179","2.19%","0.00","0.00","0.00","Analyze"
"PSX","Phillips 66","Common stocks","Large cap","Energy","$45,863,265,479","3.75%","0.00","0.00","0.00","Analyze"
"ECL","Ecolab Inc","Common stocks","Large cap","Materials","$45,033,537,078","1.25%","0.00","0.00","0.00","Analyze"
"LHX","L3Harris Technologies, Inc.","Common stocks","Large cap","Industrials","$44,889,639,757","1.78%","0.00","0.00","0.00","Analyze"
"COF","Capital One Financial Corp","Common stocks","Large cap","Financials","$44,544,430,844","2.10%","0.00","0.00","0.00","Analyze"
"STZ","Constellation Brands Class A","Common stocks","Large cap","Consumer Staples","$44,494,966,979","1.31%","0.00","0.00","0.00","Analyze"
"FTNT","Fortinet Inc","Common stocks","Large cap","Information Technology","$44,170,644,265","0.00%","0.00","0.00","0.00","Analyze"
"ROP","Roper Technologies Inc","Common stocks","Large cap","Information Technology","$43,760,990,793","0.57%","0.00","0.00","0.00","Analyze"
"KMB","Kimberly Clark Corp","Common stocks","Large cap","Consumer Staples","$43,480,234,872","3.50%","0.00","0.00","0.00","Analyze"
"HSY","Hershey Foods","Common stocks","Large cap","Consumer Staples","$43,229,011,980","1.30%","0.00","0.00","0.00","Analyze"
"KMI","Kinder Morgan Inc","Common stocks","Large cap","Energy","$43,127,327,426","5.59%","0.00","0.00","0.00","Analyze"
"CTVA","Corteva, Inc.","Common stocks","Large cap","Materials","$42,698,300,000","0.95%","0.00","0.00","0.00","Analyze"
"WMB","Williams Inc","Common stocks","Large cap","Energy","$42,654,766,267","4.63%","0.00","0.00","0.00","Analyze"
"WBD","Warner Bros. Discovery, Inc. - Series A","Common stocks","Large cap","Communication Services","$42,469,777,088","0.00%","34.64","3.38","3.60","Analyze"
"ADSK","Autodesk Inc","Common stocks","Large cap","Information Technology","$42,188,212,582","0.00%","0.00","0.00","0.00","Analyze"
"PAYX","Paychex Inc","Common stocks","Large cap","Information Technology","$41,820,254,342","2.37%","0.00","0.00","0.00","Analyze"
"XEL","Xcel Energy Inc","Common stocks","Large cap","Utilities","$40,854,442,833","2.45%","25.03","3.00","2.57","Analyze"
"TRV","Travelers Companies Inc","Common stocks","Large cap","Financials","$40,625,397,639","2.06%","0.00","0.00","0.00","Analyze"
"O","Realty Income Corporation","REITs","Large cap","Real Estate","$40,397,326,248","4.23%","0.00","0.00","0.00","Analyze"
"APH","Amphenol Corp","Common stocks","Large cap","Information Technology","$40,360,592,837","1.02%","0.00","0.00","0.00","Analyze"
"SYY","Sysco Corp","Common stocks","Large cap","Consumer Staples","$40,289,347,529","2.36%","0.00","0.00","0.00","Analyze"
"RSG","Republic Services Inc","Common stocks","Large cap","Industrials","$40,279,248,276","1.41%","0.00","0.00","0.00","Analyze"
"GIS","General Mills Inc","Common stocks","Large cap","Consumer Staples","$39,824,281,610","3.05%","0.00","0.00","0.00","Analyze"
"WELL","Welltower Inc","REITs","Large cap","Real Estate","$39,731,259,580","0.00%","0.00","0.00","0.00","Analyze"
"CDNS","Cadence Design Systems Inc","Common stocks","Large cap","Information technology","$39,662,416,970","0.00%","0.00","0.00","0.00","Analyze"
"ORLY","Oreilly Automotive Inc","Common stocks","Large cap","Consumer Discretionary","$39,535,820,314","0.00%","0.00","0.00","0.00","Analyze"
"TEL","TE Connectivity Ltd","Common stocks","Large cap","Information Technology","$39,408,301,540","1.22%","0.00","0.00","0.00","Analyze"
"IQV","IQVIA Holdings, Inc.","Common stocks","Large cap","Health Care","$38,185,152,521","0.00%","0.00","0.00","0.00","Analyze"
"ILMN","Illumina Inc","Common stocks","Large cap","Health Care","$37,821,825,000","0.00%","0.00","0.00","0.00","Analyze"
"HPQ","HP Inc","Common stocks","Large cap","Information Technology","$37,636,760,034","2.46%","0.00","0.00","0.00","Analyze"
"AZO","Autozone Inc","Common stocks","Large cap","Consumer Discretionary","$37,502,252,711","0.00%","0.00","0.00","0.00","Analyze"
"PRU","Prudential Financial Inc","Common stocks","Large cap","Financials","$37,342,500,000","4.60%","0.00","0.00","0.00","Analyze"
"MCHP","Microchip Technology Inc","Common stocks","Large cap","Information Technology","$36,773,226,816","0.90%","0.00","0.00","0.00","Analyze"
"A","Agilent Technologies Inc","Common stocks","Large cap","Health Care","$36,764,811,864","0.66%","0.00","0.00","0.00","Analyze"
"CTAS","Cintas Corp","Common stocks","Large cap","Industrials","$36,714,178,067","1.06%","0.00","0.00","0.00","Analyze"
"HLT","Hilton Worldwide Holdings Inc","Common stocks","Large cap","Consumer Discretionary","$36,659,066,890","0.00%","0.00","0.00","0.00","Analyze"
"CTSH","Cognizant Technology Solutions","Common stocks","Large cap","Information Technology","$36,602,038,643","1.06%","0.00","0.00","0.00","Analyze"
"EA","Electronic Arts Inc","Common stocks","Large cap","Communication Services","$36,564,519,285","0.52%","0.00","0.00","0.00","Analyze"
"BAX","Baxter International Inc","Common stocks","Large cap","Health Care","$36,556,182,023","1.53%","0.00","0.00","0.00","Analyze"
"DLR","Digital Realty Trust, Inc","REITs","Large cap","Real Estate","$36,344,120,457","3.64%","0.00","0.00","0.00","Analyze"
"BKR","Baker Hughes Company Class A","Common stocks","Large cap","Energy","$36,202,342,800","1.52%","0.00","0.00","0.00","Analyze"
"SPG","Simon Property Group, Inc","REITs","Large cap","Real Estate","$36,163,390,994","5.54%","0.00","0.00","0.00","Analyze"
"JCI","Johnson Controls International Plc","Common stocks","Large cap","Industrials","$36,098,258,962","2.35%","0.00","0.00","0.00","Analyze"
"AFL","Aflac Inc","Common stocks","Large cap","Financials","$35,815,548,313","2.60%","0.00","0.00","0.00","Analyze"
"LYB","Lyondellbasell Industries NV","Common stocks","Large cap","Materials","$35,720,606,708","4.10%","0.00","0.00","0.00","Analyze"
"CMG","Chipotle Mexican Grill Inc","Common stocks","Large cap","Consumer Discretionary","$35,581,935,456","0.00%","0.00","0.00","0.00","Analyze"
"WBA","Walgreen Boots Alliance Inc","Common stocks","Large cap","Consumer Staples","$35,561,553,513","3.45%","5.63","0.26","1.33","Analyze"
"HES","Hess Corp","Common stocks","Large cap","Energy","$35,306,510,706","0.99%","0.00","0.00","0.00","Analyze"
"MSI","Motorola Solutions Inc","Common stocks","Large cap","Information Technology","$35,175,865,328","1.42%","0.00","0.00","0.00","Analyze"
"BK","Bank Of New York Mellon Corp","Common stocks","Large cap","Financials","$34,993,819,887","3.11%","0.00","0.00","0.00","Analyze"
"KR","Kroger","Common stocks","Large cap","Consumer Staples","$34,605,029,232","1.74%","0.00","0.00","0.00","Analyze"
"ALL","Allstate Corp","Common stocks","Large cap","Financials","$34,590,111,318","2.58%","0.00","0.00","0.00","Analyze"
"SBAC","SBA Communications Corporation","REITs","Large cap","Real Estate","$34,409,328,465","0.58%","0.00","0.00","0.00","Analyze"
"GPN","Global Payments Inc","Common stocks","Large cap","Information Technology","$33,917,077,058","0.78%","0.00","0.00","0.00","Analyze"
"PEG","Public Service Enterprise Group Inc","Common stocks","Large cap","Utilities","$33,784,848,139","3.03%","0.00","0.00","0.00","Analyze"
"PH","Parker-Hannifin Corp","Common stocks","Large cap","Industrials","$33,722,042,782","1.67%","0.00","0.00","0.00","Analyze"
"ED","Consolidated Edison Inc","Common stocks","Large cap","Utilities","$33,594,246,021","3.26%","0.00","0.00","0.00","Analyze"
"MSCI","MSCI Inc","Common stocks","Large cap","Financials","$33,321,468,048","1.01%","0.00","0.00","0.00","Analyze"
"IFF","International Flavors & Fragrances","Common stocks","Large cap","Materials","$32,876,652,573","2.42%","0.00","0.00","0.00","Analyze"
"DD","DuPont de Nemours, Inc.","Common stocks","Large cap","Materials","$32,708,427,632","1.90%","0.00","0.00","0.00","Analyze"
"AJG","Arthur J Gallagher","Common stocks","Large cap","Financials","$32,613,057,000","1.25%","0.00","0.00","0.00","Analyze"
"ROST","Ross Stores Inc","Common stocks","Large cap","Consumer Discretionary","$32,574,069,918","1.25%","0.00","0.00","0.00","Analyze"
"HAL","Halliburton","Common stocks","Large cap","Energy","$32,525,251,026","0.71%","0.00","0.00","0.00","Analyze"
"WEC","WEC Energy Group Inc","Common stocks","Large cap","Utilities","$32,448,750,204","2.70%","0.00","0.00","0.00","Analyze"
"NUE","Nucor Corp","Common stocks","Large cap","Materials","$32,116,339,674","1.49%","0.00","0.00","0.00","Analyze"
"CARR","Carrier Global Corporation","Common stocks","Large cap","Industrials","$31,732,723,942","1.44%","0.00","0.00","0.00","Analyze"
"YUM","Yum Brands Inc","Common stocks","Large cap","Consumer Discretionary","$31,359,464,076","1.87%","19.37","4.72","-3.76","Analyze"
"ABC","AmerisourceBergen Corp","Common stocks","Large cap","Health Care","$31,289,739,789","1.21%","0.00","0.00","0.00","Analyze"
"ANET","Arista Networks Inc","Common stocks","Large cap","Information Technology","$31,165,443,692","0.00%","0.00","0.00","0.00","Analyze"
"DXCM","Dexcom Inc","Common stocks","Large cap","Health Care","$31,019,569,940","0.00%","0.00","0.00","0.00","Analyze"
"ES","Eversource Energy","Common stocks","Large cap","Utilities","$30,845,900,484","2.03%","0.00","0.00","0.00","Analyze"
"IDXX","Idexx Laboratories Inc","Common stocks","Large cap","Health Care","$30,648,358,815","0.00%","0.00","0.00","0.00","Analyze"
"TSN","Tyson Foods Inc Class A","Common stocks","Large cap","Consumer Staples","$30,631,120,320","2.13%","0.00","0.00","0.00","Analyze"
"TT","Trane Technologies plc","Common stocks","Large cap","Industrials","$30,602,971,028","1.85%","0.00","0.00","0.00","Analyze"
"DLTR","Dollar Tree Inc","Common stocks","Large cap","Consumer Discretionary","$30,580,311,920","0.00%","0.00","0.00","0.00","Analyze"
"OTIS","Otis Worldwide Corporation","Common stocks","Large cap","Industrials","$30,529,985,574","0.99%","0.00","0.00","0.00","Analyze"
"TDG","Transdigm Group Inc","Common stocks","Large cap","Industrials","$30,012,750,512","0.00%","0.00","0.00","0.00","Analyze"
"FAST","Fastenal","Common stocks","Large cap","Industrials","$29,551,613,683","2.28%","0.00","0.00","0.00","Analyze"
"DFS","Discover Financial Services","Common stocks","Large cap","Financials","$29,242,847,192","1.44%","0.00","0.00","0.00","Analyze"
"MTB","M&T Bank Corp","Common stocks","Large cap","Financials","$29,225,308,431","2.79%","0.00","0.00","0.00","Analyze"
"BF.B","Brown Forman Inc Class B","Common stocks","Large cap","Consumer Staples","$29,118,204,235","1.17%","0.00","0.00","0.00","Analyze"
"PPG","PPG Industries Inc","Common stocks","Large cap","Materials","$28,973,960,546","1.91%","0.00","0.00","0.00","Analyze"
"RMD","Resmed Inc","Common stocks","Large cap","Health Care","$28,904,384,981","0.85%","0.00","0.00","0.00","Analyze"
"CMI","Cummins Inc","Common stocks","Large cap","Industrials","$28,806,530,319","2.12%","0.00","0.00","0.00","Analyze"
"TWTR","Twitter Inc","Common stocks","Large cap","Communication Services","$28,473,806,206","0.00%","0.00","0.00","0.00","Analyze"
"GLW","Corning Inc","Common stocks","Large cap","Information Technology","$28,311,410,933","2.93%","0.00","0.00","0.00","Analyze"
"PCAR","Paccar Inc","Common stocks","Large cap","Industrials","$28,308,367,935","1.65%","0.00","0.00","0.00","Analyze"
"BIIB","Biogen Inc","Common stocks","Large cap","Health Care","$28,278,419,190","0.00%","0.00","0.00","0.00","Analyze"
"OKE","Oneok Inc","Common stocks","Large cap","Energy","$28,266,328,602","5.78%","0.00","0.00","0.00","Analyze"
"WY","Weyerhaeuser Company","REITs","Large cap","Real Estate","$28,186,694,280","1.75%","10.39","2.61","2.74","Analyze"
"ALB","Albemarle Corp","Common stocks","Large cap","Materials","$27,999,302,403","0.65%","0.00","0.00","0.00","Analyze"
"AMP","Ameriprise Finance Inc","Common stocks","Large cap","Financials","$27,906,947,593","1.82%","0.00","0.00","0.00","Analyze"
"AVB","AvalonBay Communities, Inc","REITs","Large cap","Real Estate","$27,874,161,137","3.16%","0.00","0.00","0.00","Analyze"
"MTD","Mettler Toledo Inc","Common stocks","Large cap","Health Care","$27,730,826,479","0.00%","0.00","0.00","0.00","Analyze"
"CERN","Cerner Corp","Common stocks","Large cap","Health Care","$27,621,692,988","1.04%","0.00","0.00","0.00","Analyze"
"EQR","Equity Residential","REITs","Large cap","Real Estate","$27,573,938,294","3.28%","0.00","0.00","0.00","Analyze"
"TROW","T Rowe Price Group Inc","Common stocks","Large cap","Financials","$27,305,142,840","3.64%","0.00","0.00","0.00","Analyze"
"ODFL","Old Dominion Freight Line Inc","Common stocks","Large cap","Industrials","$27,031,471,147","0.38%","0.00","0.00","0.00","Analyze"
"AME","Ametek Inc","Common stocks","Large cap","Industrials","$26,949,507,150","0.70%","0.00","0.00","0.00","Analyze"
"VRSK","Verisk Analytics Inc","Common stocks","Large cap","Industrials","$26,562,273,094","0.70%","26.58","8.71","10.03","Analyze"
"AWK","American Water Works Inc","Common stocks","Large cap","Utilities","$26,363,312,684","1.69%","0.00","0.00","0.00","Analyze"
"CPRT","Copart Inc","Common stocks","Large cap","Industrials","$26,338,450,903","0.00%","0.00","0.00","0.00","Analyze"
"CBRE","CBRE Group Inc","Common stocks","Large cap","Real Estate","$26,119,426,870","0.00%","0.00","0.00","0.00","Analyze"
"HRL","Hormel Foods Corp","Common stocks","Large cap","Consumer Staples","$26,056,335,734","2.10%","0.00","0.00","0.00","Analyze"
"LUV","Southwest Airlines","Common stocks","Large cap","Industrials","$25,835,112,004","0.00%","0.00","0.00","0.00","Analyze"
"ARE","Alexandria Real Estate Equities, Inc","REITs","Large cap","Real Estate","$25,759,049,451","2.85%","0.00","0.00","0.00","Analyze"
"APTV","Aptiv Plc","Common stocks","Large cap","Consumer Discretionary","$25,719,472,710","0.00%","0.00","0.00","0.00","Analyze"
"SIVB","SVB Financial Group","Common stocks","Large cap","Financials","$25,629,683,229","0.00%","0.00","0.00","0.00","Analyze"
"LVS","Las Vegas Sands Corp","Common stocks","Large cap","Consumer Discretionary","$25,414,270,761","0.00%","0.00","0.00","0.00","Analyze"
"DAL","Delta Air Lines Inc","Common stocks","Large cap","Industrials","$25,155,840,408","0.00%","0.00","0.00","0.00","Analyze"
"EIX","Edison International","Common stocks","Large cap","Utilities","$25,075,428,848","4.08%","0.00","0.00","0.00","Analyze"
"EBAY","Ebay Inc","Common stocks","Large cap","Consumer Discretionary","$24,980,156,064","1.70%","0.00","0.00","0.00","Analyze"
"DTE","DTE Energy","Common stocks","Large cap","Utilities","$24,957,479,364","2.70%","0.00","0.00","0.00","Analyze"
"KEYS","Keysight Technologies Inc","Common stocks","Large cap","Information Technology","$24,948,780,452","0.00%","0.00","0.00","0.00","Analyze"
"FRC","First Republic Bank","Common stocks","Large cap","Financials","$24,816,606,660","0.64%","0.00","0.00","0.00","Analyze"
"CTRA","Coterra Energy Inc.","Common stocks","Large cap","Energy","$24,512,592,937","1.74%","0.00","0.00","0.00","Analyze"
"ZBH","Zimmer Biomet Holdings Inc","Common stocks","Large cap","Health Care","$24,501,687,638","0.82%","61.38","3.20","2.05","Analyze"
"FITB","Fifth Third Bancorp","Common stocks","Large cap","Financials","$24,375,947,246","3.25%","0.00","0.00","0.00","Analyze"
"STT","State Street Corp","Common stocks","Large cap","Financials","$24,214,919,252","3.35%","0.00","0.00","0.00","Analyze"
"FE","Firstenergy Corp","Common stocks","Large cap","Utilities","$23,990,573,565","3.66%","0.00","0.00","0.00","Analyze"
"AEE","Ameren Corp","Common stocks","Large cap","Utilities","$23,880,787,275","2.40%","0.00","0.00","0.00","Analyze"
"GWW","W.W. Grainger Inc","Common stocks","Large cap","Industrials","$23,862,433,955","1.40%","0.00","0.00","0.00","Analyze"
"MKC","McCormick & Co  Non-voting","Common stocks","Large cap","Consumer Staples","$23,856,421,356","1.58%","0.00","0.00","0.00","Analyze"
"ETR","Entergy Corp","Common stocks","Large cap","Utilities","$23,524,306,206","3.40%","0.00","0.00","0.00","Analyze"
"DHI","D R Horton Inc","Common stocks","Large cap","Consumer Discretionary","$23,417,052,297","1.31%","0.00","0.00","0.00","Analyze"
"EFX","Equifax Inc","Common stocks","Large cap","Industrials","$23,385,581,348","0.81%","0.00","0.00","0.00","Analyze"
"ROK","Rockwell Automation Inc","Common stocks","Large cap","Industrials","$23,103,498,793","2.21%","0.00","0.00","0.00","Analyze"
"FANG","Diamondback Energy Inc","Common stocks","Large cap","Energy","$23,042,093,356","1.72%","0.00","0.00","0.00","Analyze"
"K","Kellogg","Common stocks","Large cap","Consumer Staples","$22,975,335,644","3.37%","0.00","0.00","0.00","Analyze"
"LH","Laboratory Corporation Of America","Common stocks","Large cap","Health Care","$22,844,061,000","0.00%","0.00","0.00","0.00","Analyze"
"EXR","Extra Space Storage Inc","REITs","Large cap","Real Estate","$22,780,578,588","2.92%","0.00","0.00","0.00","Analyze"
"VTR","Ventas, Inc","REITs","Large cap","Real Estate","$22,418,920,988","3.17%","155.85","5.70","2.11","Analyze"
"WST","West Pharmaceutical Services Inc","Common stocks","Large cap","Health Care","$22,386,392,214","0.23%","0.00","0.00","0.00","Analyze"
"STE","STERIS PLC","Common stocks","Large cap","Health Care","$22,368,417,374","0.75%","0.00","0.00","0.00","Analyze"
"ENPH","Enphase Energy Inc","Common stocks","Large cap","Information Technology","$22,352,574,684","0.00%","0.00","0.00","0.00","Analyze"
"WTW","Willis Towers Watson Public Limited Company","Common stocks","Large cap","Financials","$22,332,209,154","1.56%","0.00","0.00","0.00","Analyze"
"BALL","Ball Corporation","Common stocks","Large cap","Materials","$22,289,285,285","1.07%","0.00","0.00","0.00","Analyze"
"HIG","Hartford Financial Services Group","Common stocks","Large cap","Financials","$22,178,630,243","2.16%","0.00","0.00","0.00","Analyze"
"MOS","Mosaic","Common stocks","Large cap","Materials","$22,143,130,895","0.55%","0.00","0.00","0.00","Analyze"
"CDW","CDW Corp","Common stocks","Large cap","Information Technology","$21,881,990,854","1.11%","0.00","0.00","0.00","Analyze"
"ALGN","Align Technology Inc","Common stocks","Large cap","Health Care","$21,584,051,268","0.00%","0.00","0.00","0.00","Analyze"
"ANSS","Ansys Inc","Common stocks","Large cap","Information Technology","$21,573,549,760","0.00%","0.00","0.00","0.00","Analyze"
"PPL","PPL Corporation","Common stocks","Large cap","Utilities","$21,495,726,922","4.86%","0.00","0.00","0.00","Analyze"
"MTCH","Match Group Inc","Common stocks","Large cap","Communication Services","$21,433,736,938","0.00%","0.00","0.00","0.00","Analyze"
"CHD","Church And Dwight Inc","Common stocks","Large cap","Consumer Staples","$21,417,268,648","1.16%","0.00","0.00","0.00","Analyze"
"VMC","Vulcan Materials","Common stocks","Large cap","Materials","$21,304,555,836","0.94%","35.21","3.54","3.23","Analyze"
"NTRS","Northern Trust Corporation","Common stocks","Large cap","Financials","$21,254,740,926","2.72%","0.00","0.00","0.00","Analyze"
"LEN","Lennar Corporation Class A","Common stocks","Large cap","Consumer Discretionary","$21,083,197,424","1.71%","0.00","0.00","0.00","Analyze"
"PARA","Paramount Global - Class B","Common stocks","Large cap","Communication Services","$21,004,385,291","2.96%","0.00","0.00","0.00","Analyze"
"FTV","Fortive Corp","Common stocks","Large cap","Industrials","$20,997,877,923","0.48%","0.00","0.00","0.00","Analyze"
"CF","CF Industries Holdings Inc","Common stocks","Large cap","Materials","$20,933,182,602","1.29%","0.00","0.00","0.00","Analyze"
"LYV","Live Nation Entertainment Inc","Common stocks","Large cap","Communication Services","$20,639,780,416","0.00%","0.00","0.00","0.00","Analyze"
"TSCO","Tractor Supply","Common stocks","Large cap","Consumer Discretionary","$20,559,367,961","1.34%","0.00","0.00","0.00","Analyze"
"MLM","Martin Marietta Materials Inc","Common stocks","Large cap","Materials","$20,246,954,056","0.74%","0.00","0.00","0.00","Analyze"
"CMS","CMS Energy Corp","Common stocks","Large cap","Utilities","$20,079,835,219","2.56%","0.00","0.00","0.00","Analyze"
"IT","Gartner Inc","Common stocks","Large cap","Information Technology","$20,026,034,285","0.00%","0.00","0.00","0.00","Analyze"
"MAA","Mid-America Apartment Communities, Inc","REITs","Large cap","Real Estate","$20,022,072,537","2.42%","0.00","0.00","0.00","Analyze"
"CINF","Cincinnati Financial Corp","Common stocks","Large cap","Financials","$19,670,778,149","2.09%","0.00","0.00","0.00","Analyze"
"DRE","Duke Realty Corporation","REITs","Large cap","Real Estate","$19,634,123,336","2.13%","0.00","0.00","0.00","Analyze"
"HPE","Hewlett Packard Enterprise","Common stocks","Large cap","Information Technology","$19,554,041,530","3.94%","0.00","0.00","0.00","Analyze"
"URI","United Rentals Inc","Common stocks","Large cap","Industrials","$19,522,013,468","0.00%","0.00","0.00","0.00","Analyze"
"WAT","Waters Corp","Common stocks","Large cap","Health Care","$19,506,009,505","0.00%","27.27","6.80","51.24","Analyze"
"HOLX","Hologic Inc","Common stocks","Large cap","Health Care","$19,481,639,502","0.00%","0.00","0.00","0.00","Analyze"
"AMCR","Amcor plc","Common stocks","Large cap","Materials","$19,475,856,471","3.65%","0.00","0.00","0.00","Analyze"
"GRMN","Garmin Ltd","Common stocks","Large cap","Consumer Discretionary","$19,463,141,128","1.33%","0.00","0.00","0.00","Analyze"
"MPWR","Monolithic Power Systems Inc","Common stocks","Large cap","Information Technology","$19,435,671,670","0.61%","0.00","0.00","0.00","Analyze"
"CNP","Centerpoint Energy Inc","Common stocks","Large cap","Utilities","$19,298,899,809","1.61%","0.00","0.00","0.00","Analyze"
"EXPE","Expedia Inc","Common stocks","Large cap","Consumer Discretionary","$19,184,769,150","0.00%","0.00","0.00","0.00","Analyze"
"RJF","Raymond James Inc","Common stocks","Large cap","Financials","$19,063,153,005","1.31%","0.00","0.00","0.00","Analyze"
"MRO","Marathon Oil Corp","Common stocks","Large cap","Energy","$19,022,730,290","0.96%","0.00","0.00","0.00","Analyze"
"HBAN","Huntington Bancshares Inc","Common stocks","Large cap","Financials","$18,867,579,779","4.58%","0.00","0.00","0.00","Analyze"
"RF","Regions Financial Corp","Common stocks","Large cap","Financials","$18,708,683,333","3.28%","0.00","0.00","0.00","Analyze"
"CEG","Constellation Energy Corporation","Common stocks","Large cap","Utilities","$18,696,980,165","0.49%","0.00","0.00","0.00","Analyze"
"GPC","Genuine Parts","Common stocks","Large cap","Consumer Discretionary","$18,690,564,684","2.51%","0.00","0.00","0.00","Analyze"
"EPAM","Epam Systems Inc","Common stocks","Large cap","Information Technology","$18,687,277,468","0.00%","0.00","0.00","0.00","Analyze"
"CFG","Citizens Financial Group Inc","Common stocks","Large cap","Financials","$18,678,315,444","4.08%","0.00","0.00","0.00","Analyze"
"DOV","Dover Corp","Common stocks","Large cap","Industrials","$18,674,929,945","1.53%","0.00","0.00","0.00","Analyze"
"ESS","Essex Property Trust, Inc","REITs","Large cap","Real Estate","$18,397,779,558","2.98%","0.00","0.00","0.00","Analyze"
"ULTA","Ulta Beauty Inc","Common stocks","Large cap","Consumer Discretionary","$18,347,915,851","0.00%","0.00","0.00","0.00","Analyze"
"TDY","Teledyne Technologies Inc","Common stocks","Large cap","Information Technology","$18,296,818,772","0.00%","0.00","0.00","0.00","Analyze"
"WDC","Western Digital Corp","Common stocks","Large cap","Information Technology","$18,166,865,122","0.00%","9.77","0.95","1.48","Analyze"
"MOH","Molina Healthcare Inc","Common stocks","Large cap","Health Care","$18,157,084,000","0.00%","0.00","0.00","0.00","Analyze"
"PKI","Perkinelmer Inc","Common stocks","Large cap","Health Care","$18,108,613,299","0.19%","0.00","0.00","0.00","Analyze"
"COO","Cooper Companies, Inc.","Common stocks","Large cap","Health Care","$18,065,394,408","0.02%","0.00","0.00","0.00","Analyze"
"FOX","Fox Corporation Class B","Common stocks","Large cap","Communication Services","$17,933,990,601","1.55%","0.00","0.00","0.00","Analyze"
"FOXA","Fox Corporation Class A","Common stocks","Large cap","Communication Services","$17,933,990,601","1.44%","0.00","0.00","0.00","Analyze"
"VRSN","Verisign Inc","Common stocks","Large cap","Information Technology","$17,905,096,906","0.00%","22.90","13.25","-14.11","Analyze"
"CTLT","Catalent Inc","Common stocks","Large cap","Health Care","$17,872,936,126","0.00%","0.00","0.00","0.00","Analyze"
"STX","Seagate Technology Plc","Common stocks","Large cap","Information Technology","$17,726,775,882","2.49%","0.00","0.00","0.00","Analyze"
"IP","International Paper","Common stocks","Large cap","Materials","$17,723,494,991","3.91%","0.00","0.00","0.00","Analyze"
"IR","Ingersoll Rand Plc","Common stocks","Large cap","Industrials","$17,710,720,272","0.09%","0.00","0.00","0.00","Analyze"
"PFG","Principal Financial Group Inc","Common stocks","Large cap","Financials","$17,624,724,833","3.56%","0.00","0.00","0.00","Analyze"
"WRB","WR Berkley Corp","Common stocks","Large cap","Financials","$17,579,671,281","0.52%","0.00","0.00","0.00","Analyze"
"SWK","Stanley Black & Decker Inc","Common stocks","Large cap","Industrials","$17,519,445,428","2.63%","0.00","0.00","0.00","Analyze"
"FLT","Fleetcor Technologies Inc","Common stocks","Large cap","Information Technology","$17,463,556,704","0.00%","0.00","0.00","0.00","Analyze"
"EXPD","Expeditors International Of Washington","Common stocks","Large cap","Industrials","$17,394,400,232","1.12%","0.00","0.00","0.00","Analyze"
"VFC","VF Corp","Common stocks","Large cap","Consumer Discretionary","$17,348,903,365","4.38%","13.19","1.50","5.04","Analyze"
"J","Jacobs Engineering Group Inc.","Common stocks","Large cap","Industrials","$17,206,469,640","0.64%","0.00","0.00","0.00","Analyze"
"KEY","Keycorp","Common stocks","Large cap","Financials","$17,120,165,155","4.09%","0.00","0.00","0.00","Analyze"
"ZBRA","Zebra Technologies Corp","Common stocks","Large cap","Information Technology","$17,019,731,331","0.00%","20.99","2.98","5.88","Analyze"
"CLX","Clorox","Common stocks","Large cap","Consumer Staples","$17,003,501,033","3.32%","0.00","0.00","0.00","Analyze"
"ROL","Rollins Inc","Common stocks","Large cap","Industrials","$16,877,589,240","1.10%","0.00","0.00","0.00","Analyze"
"JBHT","JB Hunt Transport Services Inc","Common stocks","Large cap","Industrials","$16,830,310,993","0.87%","0.00","0.00","0.00","Analyze"
"BBY","Best Buy Inc","Common stocks","Large cap","Consumer Discretionary","$16,494,633,524","4.02%","0.00","0.00","0.00","Analyze"
"BXP","Boston Properties, Inc","REITs","Large cap","Real Estate","$16,467,316,715","3.69%","0.00","0.00","0.00","Analyze"
"INCY","Incyte Corp","Common stocks","Large cap","Health Care","$16,466,682,518","0.00%","0.00","0.00","0.00","Analyze"
"DGX","Quest Diagnostics Inc","Common stocks","Large cap","Health Care","$16,439,319,472","1.79%","0.00","0.00","0.00","Analyze"
"TER","Teradyne Inc","Common stocks","Large cap","Information Technology","$16,369,544,277","0.40%","0.00","0.00","0.00","Analyze"
"SYF","Synchrony Financial","Common stocks","Large cap","Financials","$16,328,475,588","2.68%","0.00","0.00","0.00","Analyze"
"PWR","Quanta Services Inc","Common stocks","Large cap","Industrials","$16,315,283,792","0.23%","0.00","0.00","0.00","Analyze"
"SWKS","Skyworks Solutions Inc","Common stocks","Large cap","Information Technology","$16,293,771,068","1.65%","0.00","0.00","0.00","Analyze"
"TRMB","Trimble Inc","Common stocks","Large cap","Information Technology","$16,266,764,954","0.00%","0.00","0.00","0.00","Analyze"
"CE","Celanese Corporation","Common stocks","Large cap","Materials","$16,248,503,728","1.80%","0.00","0.00","0.00","Analyze"
"PAYC","Paycom Software Inc","Common stocks","Large cap","Information Technology","$16,248,093,370","0.00%","0.00","0.00","0.00","Analyze"
"BR","Broadridge Financial Solutions Inc","Common stocks","Large cap","Information Technology","$16,179,647,353","1.80%","0.00","0.00","0.00","Analyze"
"WAB","Westinghouse Air Brake Technologies","Common stocks","Large cap","Industrials","$15,925,049,127","0.45%","26.73","2.01","1.58","Analyze"
"PEAK","Healthpeak Properties, Inc.","REITs","Large cap","Real Estate","$15,798,233,440","4.04%","0.00","0.00","0.00","Analyze"
"AKAM","Akamai Technologies Inc","Common stocks","Large cap","Information Technology","$15,786,855,407","0.00%","0.00","0.00","0.00","Analyze"
"POOL","Pool Corp","Common stocks","Large cap","Consumer Discretionary","$15,767,394,067","0.86%","0.00","0.00","0.00","Analyze"
"BIO","Bio Rad Laboratories Inc Class A","Common stocks","Large cap","Health Care","$15,576,257,890","0.00%","0.00","0.00","0.00","Analyze"
"L","Loews Corp","Common stocks","Large cap","Financials","$15,490,040,352","0.40%","0.00","0.00","0.00","Analyze"
"ATO","Atmos Energy Corp","Common stocks","Large cap","Utilities","$15,482,101,886","2.33%","0.00","0.00","0.00","Analyze"
"BRO","Brown & Brown Inc","Common stocks","Large cap","Financials","$15,443,153,587","0.73%","0.00","0.00","0.00","Analyze"
"OMC","Omnicom Group Inc","Common stocks","Large cap","Communication Services","$15,409,378,032","3.69%","0.00","0.00","0.00","Analyze"
"EVRG","Evergy Inc","Common stocks","Large cap","Utilities","$15,388,813,189","2.48%","0.00","0.00","0.00","Analyze"
"FMC","FMC Corp","Common stocks","Large cap","Materials","$15,286,509,200","1.65%","0.00","0.00","0.00","Analyze"
"CAG","Conagra Brands Inc","Common stocks","Large cap","Consumer Staples","$15,231,240,594","3.89%","0.00","0.00","0.00","Analyze"
"CAH","Cardinal Health Inc","Common stocks","Large cap","Health Care","$15,209,619,620","3.47%","0.00","0.00","0.00","Analyze"
"NTAP","NetApp Inc","Common stocks","Large cap","Information Technology","$15,190,338,487","2.90%","0.00","0.00","0.00","Analyze"
"CCL","Carnival Corp","Common stocks","Large cap","Consumer Discretionary","$14,992,184,417","0.00%","0.00","0.00","0.00","Analyze"
"XYL","Xylem Inc","Common stocks","Large cap","Industrials","$14,758,597,748","1.39%","34.86","2.83","4.60","Analyze"
"UDR","UDR, Inc","REITs","Large cap","Real Estate","$14,735,603,325","3.14%","0.00","0.00","0.00","Analyze"
"CPT","Camden Property Trust","REITs","Large cap","Real Estate","$14,699,877,438","2.47%","0.00","0.00","0.00","Analyze"
"LNT","Alliant Energy Corp","Common stocks","Large cap","Utilities","$14,671,960,349","2.81%","0.00","0.00","0.00","Analyze"
"RCL","Royal Caribbean Cruises Ltd","Common stocks","Large cap","Consumer Discretionary","$14,642,140,481","0.00%","0.00","0.00","0.00","Analyze"
"KMX","Carmax Inc","Common stocks","Large cap","Consumer Discretionary","$14,576,837,506","0.00%","0.00","0.00","0.00","Analyze"
"DRI","Darden Restaurants Inc","Common stocks","Large cap","Consumer Discretionary","$14,552,755,448","3.73%","0.00","0.00","0.00","Analyze"
"TECH","Bio-Techne Corp","Common stocks","Large cap","Health Care","$14,376,727,771","0.35%","0.00","0.00","0.00","Analyze"
"MGM","MGM Resorts International","Common stocks","Large cap","Consumer Discretionary","$14,336,658,549","0.03%","0.00","0.00","0.00","Analyze"
"GNRC","Generac Holdings Inc","Common stocks","Large cap","Industrials","$14,278,121,739","0.00%","0.00","0.00","0.00","Analyze"
"VTRS","Viatris Inc.","Common stocks","Large cap","Health Care","$14,172,366,041","3.80%","85.31","0.80","0.70","Analyze"
"IRM","Iron Mountain Incorporated","REITs","Large cap","Real Estate","$14,130,007,593","4.99%","0.00","0.00","0.00","Analyze"
"TYL","Tyler Technologies Inc","Common stocks","Large cap","Information Technology","$14,113,083,672","0.00%","0.00","0.00","0.00","Analyze"
"PKG","Packaging Corp Of America","Common stocks","Large cap","Materials","$14,101,089,374","2.63%","0.00","0.00","0.00","Analyze"
"LKQ","LKQ Corp","Common stocks","Large cap","Consumer Discretionary","$14,065,282,007","1.00%","0.00","0.00","0.00","Analyze"
"HWM","Howmet Aerospace Inc.","Common stocks","Large cap","Industrials","$13,979,226,277","0.24%","0.00","0.00","0.00","Analyze"
"SEDG","SolarEdge Technologies Inc","Common stocks","Large cap","Information Technology","$13,967,565,531","0.00%","0.00","0.00","0.00","Analyze"
"KIM","Kimco Realty Corporation","REITs","Large cap","Real Estate","$13,948,413,792","3.07%","0.00","0.00","0.00","Analyze"
"IEX","IDEX Corp","Common stocks","Large cap","Industrials","$13,923,467,146","1.50%","0.00","0.00","0.00","Analyze"
"HST","Host Hotels & Resorts, Inc","REITs","Large cap","Real Estate","$13,902,415,140","0.15%","0.00","0.00","0.00","Analyze"
"CPB","Campbell Soup","Common stocks","Large cap","Consumer Staples","$13,896,463,763","3.17%","0.00","0.00","0.00","Analyze"
"LDOS","Leidos Holdings Inc","Common stocks","Large cap","Industrials","$13,873,935,783","1.39%","0.00","0.00","0.00","Analyze"
"TTWO","Take Two Interactive Software Inc","Common stocks","Large cap","Communication Services","$13,869,263,565","0.00%","0.00","0.00","0.00","Analyze"
"NLOK","NortonLifeLock Inc.","Common stocks","Large cap","Information Technology","$13,825,024,654","2.09%","0.00","0.00","0.00","Analyze"
"APA","Apache Corp","Common stocks","Large cap","Energy","$13,806,647,058","0.82%","0.00","0.00","0.00","Analyze"
"AES","AES Corp","Common stocks","Large cap","Utilities","$13,804,658,862","2.95%","0.00","0.00","0.00","Analyze"
"AVY","Avery Dennison Corp","Common stocks","Large cap","Materials","$13,713,291,477","1.61%","0.00","0.00","0.00","Analyze"
"SJM","J.M. Smucker","Common stocks","Large cap","Consumer Staples","$13,704,802,666","3.10%","0.00","0.00","0.00","Analyze"
"NDAQ","Nasdaq Inc","Common stocks","Large cap","Financials","$13,675,108,799","1.50%","0.00","0.00","0.00","Analyze"
"NVR","NVR, Inc.","Common stocks","Large cap","Consumer Discretionary","$13,670,799,203","0.00%","0.00","0.00","0.00","Analyze"
"FDS","Factset Research Systems Inc","Common stocks","Large cap","Financials","$13,658,685,003","0.91%","0.00","0.00","0.00","Analyze"
"TFX","Teleflex Inc","Common stocks","Large cap","Health Care","$13,539,577,744","0.47%","0.00","0.00","0.00","Analyze"
"TXT","Textron Inc","Common stocks","Large cap","Industrials","$13,498,628,975","0.13%","0.00","0.00","0.00","Analyze"
"EMN","Eastman Chemical","Common stocks","Large cap","Materials","$13,299,371,038","2.78%","0.00","0.00","0.00","Analyze"
"JKHY","Jack Henry & Associates, Inc.","Common stocks","Large cap","Information Technology","$12,978,566,495","1.05%","0.00","0.00","0.00","Analyze"
"CHRW","C.H. Robinson Worldwide, Inc.","Common stocks","Large cap","Industrials","$12,878,062,427","2.07%","0.00","0.00","0.00","Analyze"
"PTC","PTC Inc","Common stocks","Large cap","Information Technology","$12,810,035,627","0.00%","0.00","0.00","0.00","Analyze"
"MAS","Masco Corp","Common stocks","Large cap","Industrials","$12,736,064,951","1.81%","0.00","0.00","0.00","Analyze"
"CTXS","Citrix Systems Inc","Common stocks","Large cap","Information Technology","$12,589,639,440","1.11%","0.00","0.00","0.00","Analyze"
"BEN","Franklin Resources Inc","Common stocks","Large cap","Financials","$12,553,095,331","4.48%","0.00","0.00","0.00","Analyze"
"NI","Nisource Inc","Common stocks","Large cap","Utilities","$12,299,740,744","2.97%","0.00","0.00","0.00","Analyze"
"DPZ","Dominos Pizza Inc","Common stocks","Large cap","Consumer Discretionary","$12,126,641,891","1.16%","0.00","0.00","0.00","Analyze"
"HAS","Hasbro Inc","Common stocks","Large cap","Consumer Discretionary","$12,098,023,231","3.12%","0.00","0.00","0.00","Analyze"
"IPG","Interpublic Group Of Companies Inc","Common stocks","Large cap","Communication Services","$12,089,427,244","3.54%","0.00","0.00","0.00","Analyze"
"AAP","Advance Auto Parts Inc","Common stocks","Large cap","Consumer Discretionary","$11,978,140,408","2.28%","0.00","0.00","0.00","Analyze"
"NDSN","Nordson Corp","Common stocks","Large cap","Industrials","$11,929,383,957","0.93%","0.00","0.00","0.00","Analyze"
"CRL","Charles River Laboratories International","Common stocks","Large cap","Health Care","$11,775,042,402","0.00%","0.00","0.00","0.00","Analyze"
"LUMN","CenturyLink, Inc.","Common stocks","Large cap","Communication Services","$11,735,508,696","8.60%","0.00","0.00","0.00","Analyze"
"SNA","Snap On Inc","Common stocks","Large cap","Industrials","$11,550,187,267","1.88%","0.00","0.00","0.00","Analyze"
"SBNY","Signature Bank","Common stocks","Large cap","Financials","$11,458,952,617","1.18%","0.00","0.00","0.00","Analyze"
"WRK","Westrock","Common stocks","Large cap","Materials","$11,440,304,844","2.19%","0.00","0.00","0.00","Analyze"
"HSIC","Henry Schein Inc","Common stocks","Large cap","Health Care","$11,440,268,221","0.00%","0.00","0.00","0.00","Analyze"
"QRVO","Qorvo, Inc.","Common stocks","Large cap","Information Technology","$11,366,887,458","0.00%","0.00","0.00","0.00","Analyze"
"CBOE","Cboe Global Markets, Inc.","Common stocks","Large cap","Financials","$11,209,265,449","1.75%","0.00","0.00","0.00","Analyze"
"REG","Regency Centers Corporation","REITs","Large cap","Real Estate","$11,067,385,402","3.75%","0.00","0.00","0.00","Analyze"
"TAP","Molson Coors Brewing Class B","Common stocks","Large cap","Consumer Staples","$11,020,225,226","2.07%","0.00","0.00","0.00","Analyze"
"NRG","NRG Energy Inc","Common stocks","Large cap","Utilities","$10,964,873,308","2.88%","0.00","0.00","0.00","Analyze"
"RE","Everest Re Group Ltd","Common stocks","Large cap","Financials","$10,898,286,695","2.22%","0.00","0.00","0.00","Analyze"
"AAL","American Airlines Group Inc","Common stocks","Large cap","Industrials","$10,879,373,704","0.00%","0.00","0.00","0.00","Analyze"
"ABMD","Abiomed Inc","Common stocks","Large cap","Health Care","$10,862,441,130","0.00%","0.00","0.00","0.00","Analyze"
"DISH","Dish Network Corp Class A","Common stocks","Large cap","Communication Services","$10,788,116,266","0.00%","0.00","0.00","0.00","Analyze"
"CZR","Caesars Entertainment Corp","Common stocks","Large cap","Consumer Discretionary","$10,424,625,340","0.00%","0.00","0.00","0.00","Analyze"
"NWS","News Corp Class B","Common stocks","Large cap","Communication Services","$10,305,714,220","1.12%","0.00","0.00","0.00","Analyze"
"NWSA","News Corp Class A","Common stocks","Large cap","Communication Services","$10,305,714,220","1.14%","0.00","0.00","0.00","Analyze"
"UHS","Universal Health Services Inc.","Common stocks","Large cap","Health Care","$10,103,177,088","0.67%","0.00","0.00","0.00","Analyze"
"ETSY","Etsy Inc","Common stocks","Large cap","Consumer Discretionary","$10,072,910,986","0.00%","0.00","0.00","0.00","Analyze"
"MKTX","Marketaxess Holdings Inc","Common stocks","Large cap","Financials","$10,034,683,370","1.01%","0.00","0.00","0.00","Analyze"
"PHM","Pultegroup Inc","Common stocks","Mid cap","Consumer Discretionary","$9,901,907,423","1.39%","0.00","0.00","0.00","Analyze"
"RHI","Robert Half","Common stocks","Mid cap","Industrials","$9,826,866,467","1.76%","0.00","0.00","0.00","Analyze"
"WHR","Whirlpool Corp","Common stocks","Mid cap","Consumer Discretionary","$9,798,319,791","2.59%","0.00","0.00","0.00","Analyze"
"AIZ","Assurant Inc","Common stocks","Mid cap","Financials","$9,759,111,294","1.48%","0.00","0.00","0.00","Analyze"
"ALLE","Allegion PLC","Common stocks","Mid cap","Industrials","$9,554,053,345","1.36%","0.00","0.00","0.00","Analyze"
"BBWI","Bath & Body Works, Inc.","Common stocks","Mid cap","Consumer Discretionary","$9,546,751,698","1.92%","0.00","0.00","0.00","Analyze"
"CMA","Comerica Inc","Common stocks","Mid cap","Financials","$9,519,350,350","3.69%","0.00","0.00","0.00","Analyze"
"AOS","A O Smith Corp","Common stocks","Mid cap","Industrials","$9,437,453,900","1.87%","0.00","0.00","0.00","Analyze"
"FFIV","F5 Networks Inc","Common stocks","Mid cap","Information Technology","$9,391,910,047","0.00%","0.00","0.00","0.00","Analyze"
"BWA","BorgWarner Inc","Common stocks","Mid cap","Consumer Discretionary","$9,309,879,137","1.74%","0.00","0.00","0.00","Analyze"
"JNPR","Juniper Networks Inc","Common stocks","Mid cap","Information Technology","$9,305,148,730","2.79%","0.00","0.00","0.00","Analyze"
"OGN","Organon & Co.","Common stocks","Mid cap","Health Care","$9,275,511,636","3.03%","0.00","0.00","0.00","Analyze"
"GL","Globe Life Inc.","Common stocks","Mid cap","Financials","$9,256,530,636","0.85%","0.00","0.00","0.00","Analyze"
"NLSN","Nielsen Holdings Plc","Common stocks","Mid cap","Industrials","$9,150,597,603","0.94%","0.00","0.00","0.00","Analyze"
"LNC","Lincoln National Corp","Common stocks","Mid cap","Financials","$9,063,319,043","3.27%","0.00","0.00","0.00","Analyze"
"LW","Lamb Weston Holdings Inc","Common stocks","Mid cap","Consumer Staples","$9,016,374,562","1.53%","0.00","0.00","0.00","Analyze"
"DVA","Davita Inc","Common stocks","Mid cap","Health Care","$8,916,050,000","0.00%","0.00","0.00","0.00","Analyze"
"MHK","Mohawk Industries Inc","Common stocks","Mid cap","Consumer Discretionary","$8,845,323,772","0.00%","0.00","0.00","0.00","Analyze"
"FRT","Federal Realty Investment Trust","REITs","Mid cap","Real Estate","$8,832,323,333","0.96%","0.00","0.00","0.00","Analyze"
"SEE","Sealed Air Corp","Common stocks","Mid cap","Materials","$8,737,309,639","1.33%","0.00","0.00","0.00","Analyze"
"FBHS","Fortune Brands Home And Security","Common stocks","Mid cap","Industrials","$8,690,838,607","1.59%","0.00","0.00","0.00","Analyze"
"PNW","Pinnacle West Corp","Common stocks","Mid cap","Utilities","$8,534,971,950","4.40%","0.00","0.00","0.00","Analyze"
"CDAY","Ceridian HCM Holding Inc.","Common stocks","Mid cap","Information Technology","$8,494,684,845","0.00%","0.00","0.00","0.00","Analyze"
"IVZ","Invesco Ltd","Common stocks","Mid cap","Financials","$8,199,558,429","3.82%","0.00","0.00","0.00","Analyze"
"NWL","Newell Brands Inc","Common stocks","Mid cap","Consumer Discretionary","$8,133,545,000","4.61%","0.00","0.00","0.00","Analyze"
"XRAY","Dentsply Sirona Inc","Common stocks","Mid cap","Health Care","$8,040,652,070","1.22%","26.75","1.92","1.66","Analyze"
"HII","Huntington Ingalls Industries Inc","Common stocks","Mid cap","Industrials","$8,038,673,452","2.29%","0.00","0.00","0.00","Analyze"
"PNR","Pentair","Common stocks","Mid cap","Industrials","$7,997,074,238","1.69%","0.00","0.00","0.00","Analyze"
"ZION","Zions Bancorporation","Common stocks","Mid cap","Financials","$7,879,736,421","2.16%","8.02","2.85","1.25","Analyze"
"TPR","Tapestry","Common stocks","Mid cap","Consumer Discretionary","$7,798,319,492","2.41%","0.00","0.00","0.00","Analyze"
"WYNN","Wynn Resorts Ltd","Common stocks","Mid cap","Consumer Discretionary","$7,282,598,860","0.00%","-11.11","1.82","-21.70","Analyze"
"DXC","DXC Technology Company","Common stocks","Mid cap","Information Technology","$7,246,324,096","0.00%","0.00","0.00","0.00","Analyze"
"RL","Ralph Lauren Corp Class A","Common stocks","Mid cap","Consumer Discretionary","$6,731,824,677","2.96%","0.00","0.00","0.00","Analyze"
"VNO","Vornado Realty Trust","REITs","Mid cap","Real Estate","$6,408,067,436","6.22%","43.03","3.88","1.04","Analyze"
"ALK","Alaska Air Group Inc","Common stocks","Mid cap","Industrials","$5,896,053,690","0.00%","0.00","0.00","0.00","Analyze"
"PENN","Penn National Gaming Inc","Common stocks","Mid cap","Consumer Discretionary","$5,115,842,060","0.00%","0.00","0.00","0.00","Analyze"
"IPGP","IPG Photonics Corp","Common stocks","Mid cap","Information Technology","$5,101,673,849","0.00%","0.00","0.00","0.00","Analyze"
"PVH","PVH Corp","Common stocks","Mid cap","Consumer Discretionary","$4,385,768,657","0.12%","0.00","0.00","0.00","Analyze"
"UA","Under Armour Inc Class C","Common stocks","Mid cap","Consumer Discretionary","$3,969,197,760","0.00%","0.00","0.00","0.00","Analyze"
"UAA","Under Armour Inc Class A","Common stocks","Mid cap","Consumer Discretionary","$3,969,197,760","0.00%","0.00","0.00","0.00","Analyze"
"NCLH","Norwegian Cruise Line Holdings Ltd","Common stocks","Mid cap","Consumer Discretionary","$3,427,655,000","0.00%","0.00","0.00","0.00","Analyze"